Cedric,Mingneau,cedric.mingneau@selligent.com
Yannick,Debock,yannick.debock@niko.eu
Nele,Verbiest,nele.verbiest@niko.eu
Anas,Rabai,anas.rabai@luminus.be
Michiel,?,michiel@thedataforest.cloud
Gilles,Markvoort,gilles.markvoort@gmail.com
Vedavyas,Etikala,vedavyas.etikala@kuleuven.be
Björn,Gunnarsson,bjornrafn.gunnarsson@kuleuven.be
Margot,Geerts,margot.geerts@kuleuven.be
Naomi,Imothiru,nimothiru@gmail.com
Jef,Vos,jefvos@telenet.be
Frank,Ghijsens,frank.ghijsens@telenet.be